page,date_enhanced,significant_corrections
book-001/026,2026-05-11,"John Stoney b. 1779 (was 1737); Elizabeth Gaillard (was Guilland); marriage at 'Rocks' plantation Dec 1805 (not Mont Repose 1766); 'Senate / Calhoun' career hallucinated — actually a 1838 death notice + a transcribed 1821 City Gazette obituary for John Stoney Sr. (d. age 73 at Head Island); right column is a Gaillard descent chart from immigrant Joachim Gaillard (b. 1625 Montpellier) down to the compiler Amy Perry FitzSimons; 'Mont Repose' was 'Montpellier'; 'Mary Mary Mary' garble was the chart's terminal generations resolving on the compiler herself"
book-001/027,2026-05-11,"Portrait reidentified — was 'Bishop Gadsden', actually Rev. Nathaniel Bowen (printed caption); paperclipped typescript completely re-read as Porcher-Cordes-Gendron Huguenot ancestry (Capt. Peter Gaillard's wife Elizabeth Porcher 1760–1804, immigration from St. Severe/Bazamet c.1686); 'Pelis Guilland' = Peter Gaillard (Revolutionary War biography; educated in England, served Marion); Winyah spelling corrected from 'Wineyaw'; numerous Sinkler/Pinckney/Bryan ghost-names removed"
book-001/045,2026-05-11,"Photograph identified as Nathalie Ferguson 1891 (annotation written sideways, recovered by rotation); Joseph Sanford Barlow died Nov. 6, 1844 (was 1849) in St. John's Berkeley (not Goose Creek); Henrietta Catherine Gaillard b. 1774 d. 1858; inscribed slip authorship corrected: granddaughter Ellen Milliken Barker who married Thomas Porcher (was 'Ellen Lillian Barlow ... Sherman Pinckney'); refugee envelope routes to Walhalla SC (not Wadesboro NC); full Barlow children list recovered"
book-001/111,2026-05-11,"Letter date Sep 15th (was Sep 10th); 'salutation' was an envelope-stationery side-note, letter actually opens 'We had a Telegram...'; multiple name rescues — Judge Stoney→Judge Glover, Mrs Theodore Jones→Mrs Theodore Jervey, Eadis ville→Cordesville, Frank Cottenfields→Frank Campbell, 'on board Marshal Wing'→'on parole — Mitchel King told me'; date_range narrowed to early 1860s (Civil War context: Rapidan telegraph, parole, Mitchell King)"
book-001/112,2026-05-11,"Multiple corrections — Judge Stoney→Judge Glover; Mrs Theodore Jones→Mrs Theodore Jervey; Edisto→Cordesville; Frank Cottenfields/Marshal Wing→Frank Campbell on parole; Eliza→Clara; teaching Nancy→teaching Grace; date_range narrowed to 1861–1865 (Civil War parole context with Mitchell King reference)"
book-001/173,2026-05-11,"CASTLE HUGH TRACT→CASTLE RUIN TRACT; will date Feb 24 1882→1881; lower handwritten margin was hallucinated as a list of mortgages/banks (Theodore M. Barker as Trustee, W.M. Walker of Wilm. N.C., Sole Sales Bank, Henry Gourdin) — actually paragraph 8(d) describing 'Ellery' tract on Monck's Corner Road adjoining Mulberry Plantation, descended from Thomas Milliken; added C.W. Olsen, Thomas Milliken, Adam T. Milliken, James Tupper to people"
book-001/240,2026-05-11,"Subject identified — Theodore Gaillard Barker (not Garland); father Samuel Gaillard Barker; mother Ellen Milliken (not Esther Pickens, who does not appear); wife Louisa Preston King daughter of Judge Mitchell King (not Susan Pickens Barker); childless couple; cited publication 'A Day on Cooper River' by John B. Irving M.D., enlarged by Louisa Cheves Stoney (was 'A Story on Coosaw River by Captain Henry')"
book-001/274,2026-05-11,"Left leaf recovered in full — passage on subject's character rising 'superior to physical disadvantages'; previous reading 'His good [intent?] was an unsleeping desire' was a hallucination, actual text recovered as 'His genial Nature was a wonderful defence against morbid egotism'; right leaf re-read as passage on 'the ruined country' and subject's earlier happier days; only 1 illegibility marker remaining (was 45)"
book-001/277,2026-05-11,"Left leaf, originally mass of [illegible] placeholders, resolved into continuous prose — panegyric on Dr. Christopher FitzSimons's moral character (earnest denunciation of wrong, indignation against falsehood/trickery); manner of death recovered: 'him crushed beneath the ruins of a falling house' — recasts document from generic obituary to eulogy following accidental building collapse; interlinear 'warm' between 'an' and 'advocate' detected at high resolution"
book-001/279,2026-05-11,"Entire page is biographical account of Dr. Christopher FitzSimons (b. 1828, d. 1866 in tornado at Moss Grove plantation, St. John's-Berkeley) — previous transcription completely missed this and invented unrelated narrative about an 1825 Gadsden-officiated wedding, an 1899 Gulielmo Barker letter, and a 'Sycamore plantation' (none on page); opening reference is to Rhett capturing Stede Bonnet (1718 Charleston pirate trial), not 'O.M. Brouett'; right column is verbatim Charleston Courier 'Fatal Tornado' obituary of May 19, 1866; majority of previous people-list entries (James Harold, John S. Tarry, Cashel/Paul FitzSimons, Andrew Pearcy, Capt. Andrew Barker, Gulielmo Barker, Theodore G. Barker) do not appear on the page"
book-001/280,2026-05-11,"Letter dated Hendersonville NC Aug 8 1944 (was 1899); written by Gaillard Stoney FitzSimons to Amy FitzSimons Walker; full migration recovered: Charleston→Flat Rock (fled yellow fever 1867/1870)→Spartanburg→Charlotte NC (1875)→Mills River (bought farm 1876); 'Elliott House' was the rented house in Flat Rock (not a person); Carolina Military Institute (C.M.I.) where Uncle Kit and the writer's father Seaman were boarding cadets; parenthetical confirms Amy FitzSimons Walker born Feb 4 1888 in the Green Hill St. Charlotte house"
book-001/290,2026-05-11,"Grantor of underlying 1869 deed is Thomas Morris (not James Morris), recorded Book 6 Page 552 dated 22 Oct 1869; pencil annotations name James C. Evans and S. K. King dated 31 March 1866 (not 'James C. Morris' and 'Thomas L. King'); lower-left note is a clerk's standard interlineation/erasure certificate, not a separate transaction; date_range extended to 1866–1876"
book-001/093,2026-05-11,"Confirmed NOT cross-written (perpendicular text is upper-margin overflow, not a full second layer); letter from Walhalla, June 1st; Brother Frances→Brother Theodore (Stoney); diggings→druggist's; Cuba→Columbia; Friday→Tuesday; Mrs. Davis→Mr. Dewees (with daughter Addy Dewees); Mrs. Sandy King→Mrs. Henry King; 'Capt. [illegible]'→Capt. Cam Evans; Dr. Miles recovered; removed Frank Campbell/Pomerie/Lieut. Coleman hallucinations"
book-001/239,2026-05-11,"Garland→Gaillard (Theodore Gaillard Barker, Samuel Gaillard Barker — propagating the 240.md correction); Esther Pickens Barker misreading → Susan Milliken Barker; wife Louisa Preston King daughter of Judge Mitchell King; citation 'A Story on Coosaw River by Captain Henry'→'A Day on Cooper River' by John B. Irving M.D. enlarged by Louisa Cheves Stoney; right column reframed as separate anecdote — conversation between Aunt Louisa and an old woman comparing Uncle Theodore to Cardinal Richelieu / Napoleon Bonaparte (not biography)"
book-001/262,2026-05-11,"Letter narrates the death of Mrs. Milliken (named on p. 263), addressed to her daughter Mollie; Phase-1's 'heavily cross-hatched, three orientations, largely illegible' wrong — upper 3/4 is standard single-orientation cursive, only bottom quarter is a 90°-rotated supplement in the same hand; recovered names: Dr. Moultrie, Dr. Bellinger, Mrs. Northrop, Uncle Eddie; clinical detail 'inflammation of the Kidneys', death 'at 8 o'clock the morning after', Dr. Bellinger 'it was out of human skill'"
book-001/272,2026-05-11,"Mounted slip is 'message from Gen'l. Wade Hampton' (not 'passage from grand uncle Hampton' — 'Gen'l. Wade' misread as 'grand uncle'); pencil text is a comic valentine verse, not a reminiscence — closing line '(A Valentine sent to Grandfather and dictated to me by Allie - A.A.W.)' confirms compiler dictated by 'Allie' to Dr. Christopher FitzSimons (3rd); lower photo has TWO captions (above + below) with initials G.S.F.S./C.F.S./S.G.F./S.S.F.S.; dropped spurious Amy A.S./A. Fuller/A.A.W./Mrs. Seaman FitzSimons entries"
book-001/293,2026-05-11,"Page is printed newsprint with illustration, not cursive — 75+ original [illegible] markers were avoidable; phantom 'Reverdy' family doesn't exist on page; wedding takes place at home of Rawlins Lowndes; bridegroom is Francis Simmons; illustration caption is 'Burying her face in the pillows, little Ruth wept her heart out...' (was 'Resting her face on the pillow'); marital home address 131 Tradd Street, Charleston, recovered"
book-001/094,2026-05-11,"Confirmed NOT cross-written — heavily stained but single-orientation; continues page 093's Walhalla letter; 'Brother Theodore' confirmed; Joe Huger named as 'prisoner in the Bermuda' (likely Bermuda Hundred campaign May/June 1864), exchanged, passed through Greenville; 'I am so glad she has heard at last' (was hallucinated 'Hunter is glad'); 'Fannie [Wigfall/Trapier?] is a great deal better — has lost her fever today' (was spurious 'two fits today'); 'lots of spoilt children' confirmed"
book-001/099,2026-05-11,"Major place correction — 'Naranchee Valley'→Nacoochee Valley (White County, Georgia, real mid-19th-c. mountain resort); 'My appetite is nearly well of the scarlet fever' was nonsense → 'Miss Wigfall is nearly well of the Scarlet fever'; 'Nelle weighs a dozen pounds one week' fabrication → 'Nellie is well & except a sore Mouth one Week'; 'I make Cous a hot toddy mug'→'I make Grace boil Soft rice for his breakfast' (Grace is the cook); 'little pigs & gulls running in this house'→'little boys & girls living in this house' (hotel context); 'salts'→Kate's"
book-001/100,2026-05-11,"Civil War letter c. 1861–62 (Seward reference dates it — 'Europe will frighten Seward & co into Sanity', referring to U.S. Secretary of State William H. Seward 1861–69); many object-misread-as-person corrections — 'Mrs [Lemke?]'→'his trunk'; '[Pickle?] & Mr [Mosquitoes?]'→'cool nights & no Mosquitoes' (weather, not people); '[Pat?] & [grandfather?] & [uncertain] returns of the day'→'Kate & yourself & happy returns of the day'; '[Martha?] [uncertain] [Theodore?] will [seem?]'→'Most for those little ones'; '[Kemp?] on Stationary'→'stamps or Stationary'; Mr Brownfield (was Mr Broomfield)"
book-001/101,2026-05-11,"Letter from Walhalla SC, '12 June', addressed 'Dear William'; '[free?] from yourself'→'kind'; '[could?] I [would?] order to-day'→'Father said I must write to-day'; 'Blacksville'→Clarksville (Charles travels there with Father); 'He hoped he has [sought?] [unc]o [Briggs?] & [Barry?] our landlord'→'The horse he has bought, the rest [Buggy & harness, need from] our Landlord'; 'a [Barr?] of [Mules?]'→'a pair of Mules'; Mr Ed Perronneau confirmed; 'Sily makes the girls wait'→'Solly washes & the girls wait'; 'to held him & Wm to Wm the Bellows'→'to weld iron & Wm to blow the Bellows'"
book-001/110,2026-05-11,"date_range corrected from 1853 → 1862–1864 (Confederate Charleston/Greenville indicators: 'Refugees come daily', 'Ladies shoes are now $40 & $45 & May rise from that', hotel closures); 'Laurie & horses are now $40 & $45'→'Ladies shoes are now $40 & $45' (key wartime detail misread; Laurie removed from people); 'Sho & Wm'→'Theo & Wm' (Theodore and William); 'Mrs Bingle Clarke'→'Mr Pringle Clarke' (Charleston family); 'Marion & Minnie'→'Mart. & Henne' (different abbreviated forms); 'the depot girl Nell'→'The school girls'; 'If we could or she name of got worse'→'If we [should be?] snow-bound this winter!'"
book-001/062,2026-05-11,"Letter is page 2 of Ellen Milliken Barker's 21 Feb 1858 letter to her daughter Susan Barker FitzSimons; hallucinated entries removed (Mr. Burnett, Miss Pithian, Miss Foulke, Mr. Bell, Mr. Miles — none on page); Mrs. Bonnell Rhett came with them as cousin to Miss Robinson and friend to Miss Trapier; 'drove to Nat Fuller' (famous Charleston caterer); 'capon' recovered; Theo met us at Marg's; writer crossed out 'lost' and substituted 'Missing' interlinearly"
book-001/071,2026-05-11,"'The Bowery'→'The Barrows' (plantation; the previous transcription conflated with 'Barn' elsewhere); 'Dear Mother' salutation recovered; 'biscuits'→'measles' (Theodore had full crop of measles); 'Mammy'→'Mamma'; 'Sarah hashed'→'Sam the basket she was carrying'; 'Uncle Hampton's bank'→'Uncle [Lanford's?] line bank'; landing at Mulberry confirmed; markers reduced from 28 to ~8"
book-001/103,2026-05-11,"'Tippan's Hotel' doesn't exist on page (was misread of 'the Supper Bell' + generic 'this Hotel'); 'Mr Bumpson'→'Mr Campsen' (real Charleston surname); 'Uncle Eden'→'Uncle Edw.' (Edward); 'Pinebury'→'Mulberry' (known SC plantation); 'useful war'→'awful War'; 'yet better to night'→'get letter to night'; 'We are armed at this right time'→'The Cars arrived at the right hour'; 'Summer ... Sapote'→'Omnibus ... depot' (1 3/4 miles, not 1 1/2); 'Mr Cooke'→'Mr Cox'; writer's own marginal corrections preserved"
book-001/106,2026-05-11,"Civil War letter of July 7 1862 (page 2); 'a muse / Monday of'→'A nurse / the other day'; 'Mrs. Charles Stockheimer' was phantom →'Mrs Charles Strohecker' (real Charleston surname); '[Wittlesly?]'→'Willoughby'; 'licked the son'→'locked the door'; 'pleased to do'→'driven to do'; narrative thread recovered — a young man (possibly Henry Christopher) was mortally wounded, body brought to Flat Rock NC, orderly delivered a note written an hour or two before he died Sunday afternoon"
book-001/446,2026-05-11,"Signature identified — 'your brother John' (was illegible); writer is John FitzSimons, recipient Louisa FitzSimons; second sheet fully recovered by rotating -90°; 26 [guess?] markers resolved to plain text; January 1918 dating from U.S. Navy/Coast Guard winter patrol off Labrador (Halifax base); reading order confirmed: p.445 recto → 446 second sheet (upper, rotated) → 446 verso (lower, right-side-up, with signature)"
book-001/072,2026-05-11,"Confirmed cross-written (perpendicular ink layers — the case the procedure docs flag as not solvable); recovered fragments from corners and mid-strips anyway — anchors 072 as direct continuation of 071's letter from 'The Barrows'; opening 'so close to North Mulberry'; bottom mentions '6 o'clock', 'Thursday', Aunt Hannah, baby, Anna; 'poor little [Theo?] cutting her last double tooth — high fever' consistent with 071's measles report; several previous guesses downgraded to [illegible]"
book-001/096,2026-05-11,"Confirmed NOT cross-written — single-direction with heavy lower-left staining/blot; reduced 22 markers to ~5; 'May Capton'/'May Crofts'→Mr. Crofts; 'by a steam'→'by a Train'; '[walked?] to Mulbury'→'Moved to Mulbury'; 'threat of the Sheet'→'threat of the Fleet' (military context fits 1864 Walhalla cluster); 'as he is anxious'→'as he is engaged'; 'untill quite at leisure'→'unless quite at leisure'; Marian B. (likely Marian Barker) confirmed as plain name"
book-001/258,2026-05-11,"July 1853 Sullivan's Island letter (two facing manuscript pages); dining companion is Mrs. King (not 'Bro. Brig'), fellows dine at Moultrie House; status: 'Happy is well, Mrs. H. is not well, Pinck is just the same'; Pinck is unkind to wife Dora, spending all his money fixing up Ben & his family at Cypress Pond; 'one of Mrs. H. White's twins is dead, the girl'; Ann Gourdin gravely ill; Claudian gone to Graniteville near Aiken to nurse Mrs. Gregg (William Gregg's wife at the mill town); Eliza married Mr. Dodge and moved north to his 'ready made children'; new engagement Geraldine Giddings to Dr. Lamb"
book-001/443,2026-05-11,"Newspaper clippings dated April 26, 1937 (was 1957); subject is Miss Louisa de Berniere FitzSimons of Atlanta (was 'Louise R. FitzSimons'); niece of Miss Ellen M. FitzSimons, Charleston Library Society librarian (the 'sister of the late Christopher FitzSimons' line was fabricated); pension byline is Nancy Branyon (was 'Mary Brandon'); subhead is '38,000 APPLY' (was 'IS HE APT?'); photo at Mulberry Street Methodist church in Macon GA with Gay B. Shepperson (WPA director, Georgia) and Lamar Murdaugh (Georgia director of public welfare); photographer is Coke (not Cobb); 6+ fabricated names removed from people list"
book-002/232,2026-05-11,"Multiple corrections to a 20th-century 'Aunt P...' letter — '(about 10 o'clock)'→'(about 15th. I think)'; 'Boy meeting'→'Surf meeting'; 'the 3 days at 4B. is per diem too steep'→'the 3 days at $8.00 per day too steep'; 'I have to keep Pauline + Carey'→'I offered to keep Rollie + [illegible]'; 'overworked + overweight'→'overworked + underpaid'; 'on Beverley's Pruden committee'→'on Roselind luncheon committee'; 'valentines pretty at school for Beverley's room'→'valentine party at school for Nancy's room'; 'I do so have you — seem to miss'→'I do so love you — seem to miss'; signature 'Aunt P...' with flourish"
book-001/028,2026-05-11,"Page-top note 'Cousin Sam Stoney married Louisa Smythe...' was mis-assigned to envelope — actually page-wide caption by compiler; envelope reads 'Letters from Catharine Barker & Susan M. Fitz. Simons — & 1 from Elizabeth Porcher Fitz. Simons to her daughter-in-Law'; Rutledge poem dated July 26, 1923, Mercersburg, PA (not 1937 'Mont Pleasant'); recovered 'Wappaoolah' and 'Parnassus' lines; right-margin photo annotation 'Judge Henry Hammond'; Wade Hampton caption 'Greatest S. C. Governor'; LaBruce mother 'Mrs. Eugene FitzSimons LaBruce of Georgetown'; school Winyah High (not Porter Military)"
book-001/098,2026-05-11,"Confirmed NOT cross-written (single-direction); 'Hayer'→'Huger' throughout (Arthur Huger; matches 1864 Walhalla cluster); 'Flat O.'→'Phila.' (Philadelphia); 'shellac'→'Shelled' (city expected to be shelled); 'Brain [illegible]'→'Brain fever'; 'His relatives now [say]'→'They watched him very anxiously'; 'sorrow to him'→'sorrow to her' (Mrs. King's grief); 'the [Farm] [&] [Place]'→'the Farm far & near'; markers reduced 22 → ~6"
book-001/102,2026-05-11,"Walhalla letter continuation (Civil War 1861–1865); 'Pierce Means'→'Bev'y Means' (Beverly Means); 'John Stratton'→'John Bratton' (SC Confederate officer); 'Mr. Sis Bee'→'Mr. DuBose' (Charleston family); 'very tight bodice'→'Not very light biscuits' (Kate's dyspepsia blamed on biscuits not dress); 'Florence is shut up'→'\"Home\" is shut up'; 'Hygophric pain'→'Dyspeptic pain'; 'grievous of when'→'ignorance of when' (Bratton's wound timing unknown); 'Mrs. Sis Walker'→'Mrs. Sue Walker'; 'Lucretia Walker' phantom removed"
book-001/114,2026-05-11,"Civil War wartime letter (1861–1865 cluster); 'always'→'illness'; 'translated'→'too late'; 'Slater'→'Katie'; 'Lyul said' misread, actually 'I feel sad when I think of your aunts' sufferings'; 'Col. Rhett'→'Col. Hatch'; 'June's Bay'→'Jones Gap' (Blue Ridge pass); 'Gannie'→'Fannie'; 'Aunt Mc Bell in the city'→'Aunts were still in the city'; 'wife'→'Son' (Mr. Lee's School context); 'Mr [Lou?] School'→'Mr. Lee's School'; 'E.B.' signature in existing notes is misread — doesn't exist; title de-references 'E.B.'"
book-001/161,2026-05-11,"Hampton Legion roster page; 'Lt. Col. Bey J. Conner — Killed 1st Manassas'→'Lt Col Benj. J. Johnson' (Benjamin J. Johnson, the Legion's first Lt. Col., killed at First Manassas); 7 fragmented [illegible] margin notes form one coherent paragraph: 'under Genl. Whiting Comdg. Forces at Dumfries. Col Hampton occupied the line of the Occoquan, after Seven Pines the Regt. went with Jackson just before Mechanicsville & until after the battle around Richmond, then it was put in Hood's Command'; surgeons 'T. Taylor'→'Walter B. Taylor' and 'Col Goodwin'→'C. L. Goodwin'"
book-001/036,2026-05-11,"'your dear Lacy'→'your dear Sissy' (recipient is a sister; 'Lacy' was misread of long-S in 'Sissy'); 'Miss Sonia'→'Miss Louisa' (clear Lou- letterform with descender loop); 'unimployed' confirmed as writer's own underlined coinage; markers 8 illeg + 7 guess → 4 illeg + 2 guess"
book-001/087,2026-05-11,"Civil War context dramatically clarified — letter dated July 16, 1862 (right after Seven Days Battles); 'Mr. Pillow'→'M:Clellan' (Gen. George B. McClellan); 'non-confiscation'→'non-capture'; 'Staten given'→'in *statu quo*' (Latin phrase); 'campaign on us'→'campaign in Va.'; 'callers'→'rallies'; 'privacy force'→'their force'; 'Tody'→'Tady' (uncertain — a correspondent writing from Charleston July 5th); right 'fragments' are torn line-endings of same letter with 'mediation' interlined as self-correction"
book-001/109,2026-05-11,"date corrected — '30 Sep 53'→'30 Sep 63' (zoomed heading clearly reads 63, aligns with page 110's 1862–1864 Confederate context); 'cold weather save the'→'gave her'; 'a man wonted one'→'to wear worsted ones' (baby's wool stockings); 'Tuesday Mrs.'→'Tuesday Morn.' (superscript abbreviation); 'she might [name?]'→'the night train' (overnight rail to Summerville); 'children's stockings'→'children's clothes'; 'Bell' was misread of 'Nell' — removed from people"
book-001/263,2026-05-11,"Mrs. Milliken's deathbed scene continuing page 262; 'Mother'→'Mollie' twice (recipient name); 'Tell Mother dear Brother [illegible]'→'Oh Mollie dear Mollie would'; resolved all 15 markers; recovered the dying speech: 'it is Gods will I am willing', 'mingle thy tears', 'her nourishment was retained'"
book-001/312,2026-05-11,"Mt. Hope at Willtown SC photographed; standing-girl portrait is 'Amy F.S.' (the compiler herself as a child); study photo pencil caption recovered as 'Samuel FitzSimons — his wife Mary Ann — their daughter / Amy Perry F.S. Taken in dining room at Mount Hope'; right snapshot is 'View of river from Mt. Hope' (not 'place'); porch caption 'Pickens — Bub — Ted — Clara — Dad'; second middle child 'Thomas Pocher F.S. (died in infancy)'; right-side handwritten note recovered: 'Letter from Ellie to Dad after hearing of his illness / Letter from Mr. Nat Barnwell to Ellie when Dad died'; obituary dated 19 October 1930"
book-001/064,2026-05-11,"MAJOR breakthrough — marginal pencil annotation (previously [illegible]), when rotated 90°, is the compiler Amy F. Walker's own attribution identifying writer as Samuel G. Barker (her grand-uncle), addressee Susan Barker (her grandmother), and patient as grandfather Thomas Milliken; ties directly to page 062's Ellen Milliken Barker letter; 'Dr. Doulton'→'Dr. Moultrie'; 'Brother is recovering'→'Gr. Father is recovering' (Thomas Milliken); 'Ulysses ... anew rest'→'Physic ... arrow root' (period medicine/invalid food); 'came back home till this morning'→'came back from N.Y. this morning' (Uncle Eddie); 'That has [uncertain] / This Lutham and I watch'→'Thos has possession of the sick room. Thos & Adam will watch'; 'recent febrile'→'much febrile excitement'"
book-001/108,2026-05-11,"All 13 markers resolved; 'Frank Pinckney'→'Frank Ravenel'; 'Fred Prioleau'→'Ford Prioleau'; 'Gabriel Hayne'→'Shubrick Hayne' (Confederate officer killed at Gaines's Mill late June 1862); 'Connie'/'Mr. Connie'→'Mr. Conner'; 'Aunt Sally'/'Aunt Bob'→'Aunt Bet' (both instances); '7 oz of our guns'→'out of range of our guns'; '30 miles by below Vicksburg'→'30 vessels … below Vicksburg'; 'about Aunt Lucy'→'about his trip' (removes spurious 'Lucy' person); 'a finest animal'→'a forest animal'"
book-001/160,2026-05-11,"Photo caption 'C.S.S.'→'C.F.S.' (Christopher FitzSimons); CDV annotation grandfather is 'Dr. FitzSimons' (handwritten 'Dr. Fitz-Simons' with raised 'r'), not 'the 3rd FitzSimons'; Backward Glances clipping — Hampton's reported time of death is '8:50 o'clock' not '3:30'; existing frontmatter 'Christopher FitzSimons (the emigrant)' replaced with 'Dr. Christopher FitzSimons (3rd)' per pages 026/027/272/277 convention"
book-001/254,2026-05-11,"Pencilled note (upper right): 'She died in 29th'→'on 29th'; left-margin postscript previously transcribed as 7 lines with mostly [illegible] is actually only 4 short lines at very top of left margin (rest blank): 'Of course Claudian / takes a deep interest / in your letters & / would send [illegible]'; '[Charleston?]' was misread of 'Claudian' (personal name); main letter body matches existing transcription accurately"
book-001/259,2026-05-11,"Continuation of 258's July 1853 Sullivan's Island letter; 'as clean in Mr. C.'→'as Clever in Mr. C.' (verb 'Clever' capitalized); '[Peoples?] Pinck.'→'Hoppy Pinck.' (Pinckney nickname); 'Gov. [Manning?]' confirmed as 'Gov. Manning'; 'tea & [Mrs.?]' wet night sequence resolves to 'decidedly a wet night, they had not opened the floors' (dancing reference); 'Mrs. [J. Sutter?]'→'Mrs. Battelle'; '[Julian?]'→'John'; 'Eunice & [Andrew?]'→'Eva & Andrew' (Eunice appears separately later); 'to [Tony?] to school'→caret 'to town' between 'her' and 'to school'; 'Aunt Hose'→'Aunt Kate'"
book-001/065,2026-05-11,"Verso continuation of Sept 27 1857 Charleston letter (continues p. 064); 'Wife is a bright gift'→'Life is a bright gift' (opening line); 'vital habitual life'→'intellectual life'; 'reprove his officiousness of [uncertain] compensation'→'refuse his offer of pecuniary Compensation'; 'Mr L [surname?] — my more than brother'→'Theo. L. Gourdin my more than brother' (Theodore Lazarus Gourdin 1791–1866, Williamsburg/Charleston lawyer and former U.S. Congressman); 'His fine [uncertain] must House devout carriage'→'His fine establishment House Servants equipage'; 'Henry have attended this'→'Times have altered all this'"
book-001/115,2026-05-11,"Date corrected '14th July'→'16th July 1863'; major finding 'telegram had come to Mr Hampton saying [Doel?] in [a way?] [recovered?]'→'Genl. H. was again wounded' (dates letter to ~2 weeks after Wade Hampton's wounding at Gettysburg July 3 1863); '[Mr A. his children]'→'one of Mr. H's children'; 'a conversation'→'a convulsion'; 'Susan & Adelaide came from Charleston' (bearers of good news); Thomas's quote: 'Joe is ill — & that they have got but very little See for him'; closing 'Venns died yesterday after eighteen days' (likely Venning family)"
book-001/134,2026-05-11,"Theodore Gaillard Barker obituary (1832–1917); 'Fannie Kling'→'Fannie King'; 'Samuel Pitzminons'→'Samuel FitzSimons'; 'Christopher Coles'→'Christopher Cotes'; 'Dr. William J. Brown'→'Dr. William J. Rivers'; 'M. P. O'Connell'→'M. P. O'Connor'; garbled classmate line 'John Thompson Gen. James Conner and Col. Thomas J. Glover'→'Judge Simonton, Gen. James Conner and Col. Thomas Glover'; 'He also restored the famous old Mulberry plantation and reclaimed some abandoned rice plantations on the Pon Pon river' (missed by first pass); 7 hallucinated names removed; tear-paper artifact at top identified as separate overlay fragment"
book-001/236,2026-05-11,"'6th'→'5th' (letter received); 'Mr [Brown?] [Bryan?]'→'Miss Rebecca Bryan' (the appraiser); 'Roger Jr's'→'Huger Jr.'s' (W. Huger FitzSimons Jr., Aviation); 'Hember Aviation'→'Member Aviation'; 'Hempstead, Long Island'→'Mineola, Long Island' (Camp Mills is in Mineola); copy initials read as 'C.F., S.G.F., SSF., and G.S.F.'; Camp Mills removed from people (it's a place); date_range narrowed to 1917–1918 (WWI Aviation context)"
book-001/619,2026-05-11,"Drayton family miniatures exhibition page; upper-left '1st wife' label is typed exhibition card 'MRS. JOHN DRAYTON (Rebecca Perry) — Lent by Mrs. Joseph I. Waring'; second miniature label '43. ANNE DRAYTON / By John Miller, 1785 / Lent by Mrs. Donald Allston'; compiler's pencil '3rd wife of builder of Drayton Hall — Probably painted same date as daughters — Anne & Susanna — 1787 Beuhridge? B 1758'; 'By James Peale.' pencil note recovered; Maria 'Hopton'→'Hopley'; Maria's three husbands: 1st Mr. Mauger, 2nd Edward Perry (with two children Benjamin Skirving Perry and Maria Anne Perry), 3rd Col. William Sulles (was '[Col.] [illegible] Bee')"
book-001/035,2026-05-11,"Vicksburg siege letter (May–July 1863, before July 4 surrender); 'How gallantly we all has held out'→'How gallantly V.b. has held out' (Vicksburg abbreviated 'V.b.'); 'his address to the people of Vicksburg' identifies Gen. John C. Pemberton (commanded Confederate defense, addressed citizens during siege); Lee/Johnston expanded to Gen. Robert E. Lee and Gen. Joseph E. Johnston; horizontal crease through middle obliterates 2-3 lines (physical damage, not recoverable)"
book-001/088,2026-05-11,"Continuation of July 16 1862 letter from page 087; 'Theodore'→'Tody' (brother's nickname; matches 087); 'Sherrik'→'Charlotte' (NC forwarding hub to Richmond VA); major rewrite of address line: 'Fitches Co., to Tomes did not... wet in tents'→'Hampton's Brigade — Father's trip to town did [not] do him any harm — It was so hot in Col.a [Columbia] he only stood one night'; 'Vinton'→'Pendleton'; 'little Born'→'Little River'; 'Mrs. Sharpe and Lizzie Hayer'→'Miss Hayne — half-sister of Dr. A. P. Hayne' (prominent Charleston Hayne family — Robert Y. Hayne, Arthur Peronneau Hayne); 'Provision Lyrup ... Doreen Uncle'→'Peruvian Syrup, by Uncle Sanford's advice' (Peruvian Syrup was 19th-c. iron tonic); 'Sister Tody'→'Lila Stoney'"
book-001/470,2026-05-11,"MAJOR identity correction — page is NOT about 'Lt. B. W. H. FitzSimons' but the W. Huger FitzSimons family; upper-left photo+clipping: Lt. Samuel G. FitzSimons (son of W. Huger), pilot of 50th Aero Squadron, cited for St. Mihiel and Argonne-Meuse offensives; 'Finder of Lost Battalion' clipping same Samuel G. FitzSimons; two-column obituary is W. Huger FitzSimons (father, b. 1860, d. Hendersonville NC), nephew of Maj. Theodore G. Barker; full family roster recovered (daughter Mrs. Robert Preston, sons James C./William Huger/Reginald, sister Ellen M., brothers Theodore and Gaillard Stoney FitzSimons); 'M. Hayne FitzSimons' was wrong; Marguerite FitzSimons m. Robert Preston (was 'Aunt' caption); Lily portrait from Lidloff's Studio, 249 & 251 King St."
book-001/633,2026-05-11,"Mary Annie Perry FitzSimons memoir about father B.F.D. Perry and grandfather; 'It was near one owned by Judge Dunkin. He was his intimate friend' (was 'headly famous you counsel'); 'My grandmother received a severe shock from an encounter with a rat' (was 'not a rat'/'accused a scare shock'); 4 guess-markers downgraded to honest [illegible] where physical foxing obscures text"
book-002/158,2026-05-11,"Typescript garden-essay with handwritten ink note by compiler; 'J. Trinitas'→'Trustees' Garden Club' (Savannah GA, founded 1926); '[Stoutly?]'→'Flattery' ('Flattery I suppose'); trailing [illegible]→'came to see'; 10/10 markers resolved"
book-002/033,2026-05-11,"Minnie P. FitzSimmons's 1924 transcription of John Lucius Hedley's family Bible; 'The Altar bloomed June 14th'→'The Alloe bloomed June 24th' (it's a Charleston-garden aloe-plant bloom record, not a wedding); 'F. E. Heyward'→'J. K. Heyward' (current owner of the Broad Street house in 1924); 'FitzSimons'→'FitzSimmons' (preserve as typed, double-m); Rev. Dr. John Hedley death 'end of February 1834'→'2nd of February 1832'; William Hedley death '1834'→'1832' (same month/day); John Lucius Hedley age at death '53 (53)'→'55 (55)'; recovered 'Inserted by Minnie P. FitzS. — 1924' line; key correction: bottom annotation 'MPF 1944'→'MPF 1924' (Mary Anne Perry FitzSimons d. 1934, so 1944 was chronologically impossible — confirmed by zoom that both date annotations on the page read 1924); '[illegible] Town near London' clarified as a blank space the typist left in the typescript"
book-001/160,2026-05-11,"Second enhanced-pass touch-up: photo caption '[illegible] in front of house of C.F.S.'→'Taken in front of house of C.F.S.' and 'Maj.' prefix recovered; envelope postmark '[illegible date]'→'SPARTANBURG, S.C., APR 26, 6-PM, 1909'; envelope upper-left pencil filing note partially recovered as 'G. S. FitzS[m]' — likely identifies the sender as Gaillard Stoney FitzSimons writing to his uncle Theodore G. Barker; added G.S. FitzSimons to people list"
book-001/045,2026-05-11,"Second enhanced-pass touch-up: MAJOR correction — the genealogy column actually reads 'Barker' throughout, not 'Barlow' as the first enhanced pass had it. Zoomed cursive shows 'k' letterform (vertical + diagonal kick) followed by 'er' (open loop + hook), not 'l-o-w'. All Barlow→Barker in title, people list, and body: Richard Reynolds, Joseph Sanford, Samuel Gaillard, Ellinor, Sanford William (twice), Henrietta Catherine (the daughter, not the mother Gaillard), Elizabeth Gourdin, Ellinor Cordes, Isaac Rogers, Abby Ann, Mary Esther, Lawrence Burrows, John Stoney, Henry Lewis. The inscribed slip clearly reads 'Joseph Sanford Barker' and 'Ellen Milliken Barker'. The 'Barlow' spelling is documented for this family elsewhere in the archive (page 131) but not on this page. Other corrections: 'Ellinor Cordes B. Jan 25th'→'Jan 23rd'; entry 6 death year 'Feb 1st 19[uncertain]'→'Feb 1st 18[uncertain]' (19xx would be implausibly late given 1806 birth); lower-left text '[Tradd?] [illegible — obscured by envelope]'→'Tradd. There' (Tradd confirmed, Charleston street intersecting Church St; envelope obscures less than thought); 'in the paper of [illegible] which was very unusual [illegible]'→'in the paper at the date which was very unusual.' Removed the [was] supplied bracket since the writer's grammar omits it. The previous editorial note about Barker/Barlow surname inconsistency is no longer needed and was removed; replaced with a note about the photo-mount obscuring death dates. Phase 2 annotation (cabinet card + Walhalla refugee context) preserved unchanged per user request."
book-001/131,2026-05-11,"First enhanced-pass on the densely written 3-column Barker/Gaillard/Cordes genealogy. Several name and date recoveries: 'Richard Reynolds Barker [Barlow?]'→'Richard Reynolds Barker' (no Barlow alternative — confirmed; user confirmed Barlow is a separate marriage-line surname, not a spelling variant); '(Anigare)'→'(Abigail' (it was the start of a parenthetical 'Abigail B. July 18th 1749 — M — Nov. 1768' giving Abigail Rogers's dates, misread as a foreign-looking name); Theodore Gaillard line 'B. Sept 2nd 1737. B. May 26th 1805'→'B. Sept 2nd 1737. D. May 26th 1805' (Theodore's death, not a second birth date); 'Aunt Ellen Pinckney'→'Aunt Ellen Porcher' (the compiler's aunt who took her to visit 'Aunt Ellinor' as a child; matches page 045's identification of Ellen Milliken Barker as Mrs. Thomas Porcher); 'Theodore Anthoine Cordes'→'Hector Anthoine Cordes' in people list (people list typo — body always had Hector, matching FAMILY-NOTES and HISTORICAL-CONTEXT). 'Rhua [Rhea?] Grineau'→'Rhua Grineau' (no Rhea alternative). Other readings (Wolverton/Walverton, Goodson/Goulston, Chiswardine/Cheswardine) flagged for future scrutiny but preserved as the first-pass transcription has them, since cursive is ambiguous and modern Shropshire place-name research is needed to disambiguate."
book-001/037,2026-05-11,"Two-page spread with major pencil-annotation rewrite. 'Mr. Williman Onslow & his sister Catherine Barker'→'Ellen Milliken Porcher & her sister Catherine Barker — my grand aunts'; signature 'F.M.E.'→'A.F.W.' (Amy FitzSimons Walker, the compiler). Letter body: 'no other children. Precious eyes'→'two older children. Marion's eyes'; 'Bertie & Salter Robertson'→'Bertie & Sallie Robertson'; 'Robert's Drawings... He was delighted... sent to the Hall'→'Rosie's drawings... Sis was delighted... sent to the Fair' (different person, female artist); 'Tuesday April 18th'→'Sunday April 18th' (1880 calendar match)"
book-001/077,2026-05-11,"Handwritten extract from Blackwood's August 1858 about literary work — major rewrites of grammatically broken phrases. 'put the Speakers of our friends'→'quote the speeches of our friends' (speakers/breaches both misreads of speeches; put→quote); 'if you are men you will never build your substance up — Men'→'if you are wise you will never build your importance as a Man'; 'Not even one of us is Man enough'→'No, every one of us is Man enough'; 'our Work is no [danger]'→'our Work is no drudgery'; 'his claps regarded'→'his class regarded'; 'true brother of our toils and guild'→'true brother of our Craft and guild'. Interlinear gloss '(is letters work)' recovered. The corrected passage reads as a coherent argument about the dignity of women's domestic work."
book-001/083,2026-05-11,"Hurried business/family letter. 'I shall think that'→'I do think that'; 'pro Bryan support'→'pro Beggar [Bryan?] support, and even try [strike: force] some of your Charlestonian tactic[s]' (verb 'try', adjective 'Charlestonian'); some markers retained where ink remains genuinely uncertain ('[bork?]', '[hate?]'). 6 of 9 markers resolved."
book-001/120,2026-05-11,"Pencilled transcript of April 1835 marriage notice. Bride/groom names recovered: 'Mr. Sanford N. Barker' to 'Miss Christiana Constantia, second daughter of the late Philip Porcher Esqr.', married at South Mulberry, St. John's Berkeley, by Rev. Mr. Fowler, Wed. evening 22nd inst. Removed wrong-guess 'Samuel G. Barker' from frontmatter. NOTE: the bride's well-documented historical name is Christiana Constantia Broughton (daughter of Philip Porcher Broughton); the pencilled note may abbreviate Broughton as Porcher. The groom is Sandford William Barker (b. 1807, d. 1891), who acquired South Mulberry via this 1835 marriage. Worth adding to FAMILY-NOTES."
book-001/133,2026-05-11,"Barker family album leaf. Pallbearer name corrections: 'William Heyne'→'William Hume', 'Albert Tennant'→'Albert Tennent', 'Frank R. Derby'→'Frank R. Darby'. Cook studio mark date: 'Dec Aug 14th 1880'→'No. Aug 14th 1880' (studio serial). Race card horse corrections: 'Eschequer'→'Exchequer', 'Lizzie'→'Leisure', 'Tom Furgeson'→'Tom Puryear'. 'J.G.B. ~~President~~ of Jockey Club'→'J.G.B. President of Jockey Club' (no strikethrough). MAJOR recovery: the long clipping is the obituary of Major Theodore G. Barker (died Flat Rock, 86th year, not 85th); first paragraphs were previously missing, now restored — chief-of-staff narrative, Burgess Mill wound, Fifth South Carolina Cavalry. The '[illegible] up his name as a candidate' passage was hallucinated — actual text was about his pledge to withdraw if another candidate offered. Pencilled annotation atop clipping: 'Maj. Theodore Barker'."
book-001/183,2026-05-11,"Letter to Mrs. Sam Barker, envelope, Asheville newspaper clipping. Major reframings: sister-in-law writer was NOT 'Mrs. Pinkner / Rev. Thomas Pinkner' — note clearly reads 'Mrs. Thomas Porcher' (i.e., Ellen Milliken Barker who married Thomas Porcher per FAMILY-NOTES). Envelope return: 'Mrs. C. P. Martin'→'Mrs. C. F. Martin'. Center letter (called 'largely illegible' originally) is a typed letter rotated 90° about Major Theodore G. Barker arranging the Jockey Club's sale of the William Washington Race Course to fund the Charleston Library Society — substantially transcribed. The newspaper clipping is about the MONTFORD School in Asheville, NC, 1894, NOT 'Stanford School'; eight teachers correctly identified (incl. Ellen Barker — the reason it was kept). Original photo went to Pack Memorial Public Library, Asheville, NOT 'Park Memorial' / NOT 'Augusta County Historical Society'."
book-001/255,2026-05-11,"July 1853 Sullivan's Island letter (continuation of 258/259 cluster). 'Claudian has trusted me'→'Claudian has treated me' (treated to a gift); 'spare oak [drawers?] of the bureau'→'upon each drawer of the bureau' ('spare oak' was misread of 'upon each'); 'French bedstead & wright table'→'French bedstead & night table'; '[furniture?] wardrobe'→'fine large wardrobe'; '[strange?] book case'→'(étagère) book case' (French gloss in parentheses on the original — étagère = tiered display shelving); 'Mr. Cannon & [Pat?] [illegible]'→'Mr. Cannon & Mrs. King'; 7 of 8 markers resolved."
book-001/261,2026-05-11,"Cross-written page (procedure manual flags 092/095/097 as unsuitable; p261 is similar). Recovered horizontal layer's lower 2/3 nonetheless. 'Mrs Walker & Christie'→'Mrs Walker & Auntie' (different person); 'Mr & Mrs Smith [lunch?]'→'Mrs Bone lunch' (single named caller, not couple); 'Last Saturday the [29th?]'→'Last Saturday the 27[th]' (consistent with letter dated July 29); 'doing her illness'→'during her illness'; 'spoken doubt-fully'→'spoke doubt-fully'; '[illegible] gentile herself in [losing?]'→'over-exerted herself in fixing'. Opening section recovered partial cross-written thread on the death of an unnamed sister/Sister. 16 of 22 markers resolved; remaining ~6 in the densest cross-hatched zone are not recoverable by cropping."
book-001/452,2026-05-11,"FULL rewrite of obituary clipping. Original transcription had hallucinated passages. The clipping is one obituary (not two) for Samuel G. FitzSimons, age 38, who died by his own hand on a roadside near Flat Rock, N.C. Charleston lawyer (Broad Street office); educated Charleston High School + West Point (1 year); WWI combat aviator with the Royal Flying Corps in France/Flanders for 18+ months, 1st lieutenant rank, multiple decorations; refused gov't compensation for war-related progressive blindness; went to Philadelphia at own expense rather than use Walter Reed. The obituary credits him as 'the aviator that found the Lost Battalion' — Charleston-local tradition (consensus history credits Goettler & Bleckley of the 50th Aero Squadron). Mexican Border service with the Charleston Light Dragoons confirmed. Headline: 'FOUNDER OF LOST BATTALION DIES IN FLAT ROCK (Continued from Page 1)'. Note: per page 470's earlier enhanced pass, this Samuel G. FitzSimons is the son of W. Huger FitzSimons — i.e., Amy's first cousin, NOT her brother (despite Amy having siblings of similar name). The page md correctly avoids the kinship claim; the deathbiographical fact (suicide of W. Huger's aviator son) is significant and worth folding into FAMILY-NOTES."
book-001/651,2026-05-11,"Manuscript essay on Reconstruction; full recovery of both inverted upper panels and right-side-up lower panels (originally left untranscribed). CRITICAL: 'Anthony's Proclamation [Andrew Johnson?]'→'Amnesty Proclamation' (reading-error of Amnesty as Anthony's). Essay is a legal argument (likely brief in Ex parte S. L. Howard) defending the validity of the 1865 Amnesty Proclamation as exercise of presidential pardon power, citing Ex parte Garland, arguing the post-1867 Military Reconstruction Acts are an unprovoked new declaration of war. Upper panels recovered: Grant-Lee anecdote ('Grant held up his sword & said, This man is protected by the faith of the U.S. Army'); citations to Vattel §§207, 208 and Bk II Ch XIV §214; reference to 'Pope's Letter (Charleston Mercury, 26 April 1867)'. Continues on page 652. 7 of 7 markers resolved."
book-001/305,2026-05-12,"Jubilate Deo Episcopal newsletter front page (May 1980) re Christopher FitzSimons Allison's election as Bishop Coadjutor of SC. Newsprint corrections: 'Alex Burton'→'Alex Barron'; convention dates '30th and 27th'→'26th and 27th'; '188th'→'189th Meeting'; Eucharist '10:30 A.M.'→'10:00 A.M.'; photo caption: Bob Long rectorship '1944-1948'→'1964-1969', 'John Karr 1934-1944'→'John Barr 1954-1958'; 'Recommend Committee'→'Bicentennial Committee'; Allison's seminary list corrected (St. Mary's Seminary, Univ of Baltimore, Catholic University); son 'James, Jr.'→'James, 24'."
book-001/306,2026-05-12,"Jubilate Deo interior page B (1980): ECW News, Sounds of Joy, Ventures columns + Allison essay. Many newsprint corrections: ECW byline 'Margaret Drechsler'→'Margaret Miller'; Sounds of Joy byline 'Sally Parsons'→'Sally Parrott'; 'Bonnie Doty' not 'Fannie Davy'; bell foundry is Verdin Foundry, Belgium; '130 communicants' not 250; prayer partners '1989-1991'→'1980-1981' (dates the issue to 1980); Bishop 'Wendelman'→'Weinhauer' (William G. Weinhauer of WNC); Allison essay: 'finally'→'invariably'; Bishop 'Temple'='Gray Temple' (VIII Bishop of SC, under whom Allison was coadjutor)."
book-001/439,2026-05-12,"News and Courier farm/forestry page (Sun Mar 26 1961). Phase 1 had skeleton with 'Article continues' placeholders; full body recovered. 4-H photo caption: 'H. D. Harrell, J. R. Wingo'→'H. D. Marett, J. M. Wingo'. Recovered four full articles: water conservation panel (Dr. T. S. Buie, Mr. Agnew chair, L. D. Holmes farmer of Johnston, Edgefield County 75% peach-orchard irrigation, 1980 water-quality projections); Tips on Barnyard Births (A. L. DuRant, Clemson extension); FFA Loan Fund (D. R. Chastain, Floyd Johnson); Sumter Forester sidebar (Rodger L. Hagwood Jr. transferred from Newberry, replacing Edgar L. Dallery)."
book-001/440,2026-05-12,"News and Courier feature article on Wade Hampton III by Ralph Jerome Cannaday (was 'Ralphe Jerome Carnahan'), 1961, marking his March 28 birthday. Phase 1 had placeholder 'Text density makes full transcription impractical'; entire body recovered at ~95% legibility. Headline subhead recovered. Article opens with the Burgess' Mill VA tragedy (Oct 1864: Preston Hampton mortally wounded, Wade Jr. wounded). Hampton's two wives: Margaret Preston (m. 1838, d. 1851) and Mary Singleton McDuffie (daughter of Gov. George McDuffie). Article gives 1783 emigration date for Christopher FitzSimons (third independent attestation; FAMILY-NOTES has 1781-vs-1783 conflict). Hampton's deathbed quote: 'God bless all my people, black and white.' Funeral 20,000 attendees; hearse to Trinity Churchyard driven by 'a faithful Negro who had loved him both in slavery and in freedom.' Photo caption: 'Only Columns Remain Of Milwood, Hampton Home' (Milwood spelling preserved; Millwood is standard)."
book-001/584,2026-05-12,"Times-News Hendersonville feature (Dec 8 1978, not 1979) by Bob Whitmire on Frank L. FitzSimons Sr. Full article body now transcribed (was placeholder). Wife identified: Maggie FitzSimons (m. 56 yrs). WWI service: US Marine medic with American Second Division at Soissons, Meuse-Argonne, Belleau Wood; Navy Cross. Wofford College post-WWI. Teaching career list (HHS, Blue Ridge School for Boys, Carolina Military and Naval Academy, Dana School, Mt. Vernon, East Flat Rock Elementary, Edneyville). Fall 1921 coached first HHS football team to win a game. River name spelled 'Okiawaha' here vs 'Oklawaha' on p585. KEY family detail: Frank says 'My grandfather was killed during the Civil War, and when Sherman marched up through South Carolina, my widowed grandmother and her seven children were refugeed out in Mills River' — matches the Susan Milliken Barker widow-with-7-children pattern in FAMILY-NOTES; places Frank as a great-grandson of Christopher the emigrant, Amy's first cousin (her father Samuel Gaillard FitzSimons Sr. was one of those seven children)."
book-001/585,2026-05-12,"WHKP Special Anniversary Edition newspaper clipping (1976) advertising Frank L. FitzSimons Sr.'s book 'On Banks of the Oklawaha'. Book title correction (was 'From the Banks of the Oklawaha'); editor/printer-preparer is Grady Edney of Coral Springs FL, retired Storer Broadcasting executive. Phase 1 had fabricated 'his daughter Frances Walker & Walters Smith' passage that did not exist. Bank dedication date '1975'→'November 29, 1973'. Library section name: 'Henderson County History & Writers Section'. Coupon misspelling 'MATRIAL' preserved with [sic]."
book-001/589,2026-05-12,"Times-News Hendersonville front page (Oct 29 1977) honoring Frank L. FitzSimons Sr. winner of the 1977 Thomas Wolfe Memorial Award (Western NC Historical Association) for 'Along the Banks of the Oklawaha'. Hallucinated phrases cleaned: 'co-teacher'→'ex-teacher'; 'former regular of dollar'→'former register of deeds'; 'Mr. Wolfe in writing'→cleaner phrasing; Church 'Montgomery'→'Montmorenci United Methodist Church' (Candler NC); presenter 'With Andrews'→'Wick Andrews'. Past winners corrected: 'Glenn Tucker, Frank Hickerson, Joseph Maddox' (latter two fabricated) → actual: Glenn Tucker (Civil War historian), Wilma Dykeman (The French Broad), John Parris (My Mountains, My People). Recovered parallel Duncan/FBI subpoena story (Bynum M. Hunter, Ben F. Tennille, Michael R. Abel; Catherine Woodruff)."
book-001/624,2026-05-12,"Perry family-tree foldout (front side, 13187x5012 panoramic) — phase 1 was 'transcribed: false' with only layout description. Structured chart transcription produced. KEY findings: chart was made by Mrs. Joseph J. Waring; top-right note by Joseph Door Waring (likely her husband). Perrys came from Barbados ~1680; brothers John, Edward, Benjamin, Peter. First Edward Perry m. Rosamond Miles 11 Dec 1723; son Edward m. Mary Miles (cousin marriage). Benjamin Perry b. 23 Apr 1722 m. Susannah Rawlins 27 Jun 1742, d. 20 Jul 1789. The lower-spine Edward Perry m. 1st Rachel Carroll, 2nd Maria Ann (Hedley) Mauger — confirms Maria Hedley's three husbands (Mauger/Perry/Fuller per p031 memo). Compiler-generation row: Maria Ann Perry 'AMY' (NOT 'Ang' as previously read in p031); Mary Ann Perry 'Minnie' m. Samuel Gaillard FitzSimons; Benjamin Dunkin Perry m. Julia Virginia Bessellieu (4 children: Elizabeth Howell, Donkin Drayton, Rosa, James). MAJOR: this resolves the compiler's naming — Amy Perry FitzSimons Walker was named for her father's sister 'Aunt Amy' (Maria Ann Perry); the p031 'Aunt Ang' was a misread of 'Aunt Amy'. Some lower-left collateral entries (William Hayne, Esther Dawson, Anna Sally Simmons, Jane Ladon m. Dr. Ancrum, Eliza C. Ann Perry/Clarence) remain only partly legible — pencil too faint and a fold crease through ink; physical re-scan needed."
book-001/625,2026-05-12,"Perry family-tree foldout (back side). Inscription corrected: 'Copy of family Tree'→'Perry family tree' (compiler Amy's blue-ink hand). Otherwise blank verso."
book-001/652,2026-05-12,"Continuation of p651 Reconstruction-era legal brief. Refinements: '14 months past'→'18 months past' (state govts in operation before 2 Mar 1867 Act; dates drafting to c. Oct-Nov 1867 or later); interlinear edit 'whether the Military Bill does ~~accomplish~~ involve Revolution' (writer revised 'accomplish' to 'involve'); '10 Communities' (rebel-state jurisdictions, inserted above the line as revision upward); writer habitually spells 'Lee & Johnson' for Lee & Johnston (preserved); page-number '7' recovered at top. Together with p651, the brief is now well enough characterized to anchor a HISTORICAL-CONTEXT entry on Ex parte S. L. Howard."
book-001/294,2026-05-12,"Jane E. Allen, Post-Courier article (Jan 1982) on C. FitzSimons Allison's investiture as 12th diocesan bishop of South Carolina. KEY: 'Sept. 18, 168[?]'→'Sept. 25, 1980' (Allison's coadjutor consecration at Gaillard Auditorium); 'ordained May 1952'→'May 1953'; '1981 consecration of Bishop Temple'→'1961 consecration' (Temple was VIII Bishop of SC, retired 1982). 'Flicked along the nave standing'→'Placed along the nave crossing'. 'the first time Allison had been installed in Charleston since January 1961'→'first time a bishop had been installed' (Temple, not Allison, was installed 1961). People list cleaned: removed places that don't appear (Augusta GA, Savannah GA, The Citadel); added George M. Alexander, Norman S. Walsh, James M. Donald, photographer Bill Jordan."
book-001/295,2026-05-12,"Allison investiture article continuation + Commonwealth real-estate ad (1982 Charleston paper). Cathedral dean's name: 'L[u]vienus [?] Mapes'→'Lynwood C. Magee' (the Very Rev., dean of the Cathedral of St. Luke and St. Paul). Procession music: 'brass and tympani'→'Organ, brass and tympani' (Organ dropped in phase 1). Eugene Gigout's 'Grand Cheour Dialogue' — newspaper typo for 'Choeur', preserved as printed."
book-001/333,2026-05-12,"Composite Evening Post (Charleston) page, ~Sept 1980, anchored by Jack Leland feature on three Episcopal bishops ahead of Allison's coadjutor consecration. Photographer 'Spaid'→'Spain' (Bill Spain). Allin quote: 'striving at the Holy Spirit in the white Christian Church'→'stirring of the Holy Spirit in the whole Christian Church'; 'manage against the devil'→'compete against the devil'. Jump: 'Page 8-B'→'Page 2-B'. Walesa fragment: 'incomplete folder federation'→'nationwide labor federation' (Solidarity registered Sept 24 1980). Billy Carter fragment: 'a looming President Carter'→'a meeting President Carter'. Identified the Sierra Club Clean Air Act citizen suit against SCE&G's Canadys Station and Williams Station coal plants (was 'church plants'). Date_range tightened to 1980. Names added: John M. Allin, Lech Walesa."
book-001/334,2026-05-12,"CHURCH (continued) jump from p333 + AP 'Outraged Ordinance' Florida story + Kraft ad block. MAJOR Allin-quote recovery: 'Bicentenary style oriented in trying'→'name-brand liberal denominations are taking the world's way and adopting a sort of Studebaker Corp. method of trying to give the people what they want and not what one Christianity must do' (vivid 1980 metaphor comparing mainline-liberal Episcopal management to the failed automaker — completely erased in phase 1). Roman Catholic/Anglican priests paragraph reframed as about the 1980 Pastoral Provision admitting (former) Anglican priests, including married ones. Allison: 'marvelous unification life'→'somewhat unusual life'; '15 years'→'19 years as theological professor'. 'broadcast spirit'→'liberal spirit'; '1976 decision'→'1979 decision'; '50 Episcopal bishops'→'30 Episcopal bishops'. Florida AP inset reframed: town extending sign ordinance to a church rooftop sign, putting the church in the same category as a McDonald's restaurant."
book-001/573,2026-05-12,"Times-News 'Accent' section cover (Dec 8 1979) — tabloid cover, mostly typeface, large soft-focus profile photo of Frank L. FitzSimons, tease line to feature on p584. 0 markers (page was already clean baseline). Minor addition: section marker '— 1' after the dateline."
book-001/590,2026-05-12,"Northwestern COMPASS bank newsletter (1979) feature on Frank L. FitzSimons Sr. as banker/author. Wife: 'Magdalen Kershaw'→'Maggie Kershaw' (matches FAMILY-NOTES). MAJOR recovery: 'Trottin' Sally, Sunshine Lady and the Moon-eyed People' — previously misread as farm-life description, actually the recurring characters in Frank's WHKP radio broadcasts (Henderson County folk-tale figures he turned into running radio bits, basis for his 'On Banks of the Oklawaha' books). 'Up until 1948, the only working part of the farm that he supplied was the dairy'→'the only part of his dream that came true was his naming the farm Golden Glow.' Winston-Salem art competition fully resolved (Sept 8, fourth annual Carolina Street Scene, judge James Tucker of Weatherspoon Gallery UNC-G). Beyond 1980 banking-tech column recovered (Ron Staley quote, George McNeil). Masthead editor 'Claudia Bissette'→'Claudia Forester'. ZIP 28659→28674."
book-001/609,2026-05-12,"Certified mid-20th-c. typescript transcript of the 1797 will of Edward Perry the Younger of St. Pauls Parish, probated 3 Dec 1800. Certifying clerk signature recovered: 'Virginia L. McLeod, Clerk Probate Court, Charleston County, SC'. Typewriter filing codes '14-B^S' and 'N-25^O' at top of typescript. Witnesses Isaac Auld, John Mackey, Rebecca Drayton; proved before Charles Lining, Esq., O.C.T.D. (Ordinary of Charleston Town District). Part of a c. 1969 Perry-genealogy dossier assembled by Mrs. James Pickens Walker Jr. and her daughter Nancy McEwan Green for Nancy's Colonial Dames Papers #220 filing."
book-001/610,2026-05-12,"Printed family-group-sheet pedigree worksheet filled in blue ballpoint, listing seven generations of the ancestry of Nancy Fletcher McEwan. MAJOR identification: 'Nancy F. McEwan b. ca. 1968'→'b. 13 Sept 1946 in Orlando FL'; m. 'Theodore Robert Green b. 30 April 1933'→'b. 30 April 1938 in Arcade NY'; 'died 7 Feb 1968'→'married 3 Feb 1968 Orlando FL' (the date is the marriage date, not death; phase 1 misread the column header). B.F.D. Perry death '13 Nov 1874'→'13 Jan 1874' (Jan with Nov struck through; matches Grace Church Camden register on p243). B.F.D. Perry's wife full name resolved: 'Julia Virginia Besselieu' (was '(?) Bird Perry'). Edward Perry's wife 'Ann Drayton'→'Anna Drayton' (terminal 'a'). Samuel Gaillard FitzSimons b. '29 Dec 1856'→'28 Dec 1856'. Willtown Bluff identified as the precise location on the Edisto River, Colleton County where Samuel Gaillard FitzSimons died. Worksheet citation: 'Genealogical Society Publication, Penn. Mar. 1921 p. 10 Vol. VIII — Perry Family Tree' (published 1921 PA genealogy is the underlying authority for Gen 7)."
book-001/612,2026-05-12,"Certified mid-20th-c. typescript transcript of Ann Drayton Perry's 1830 will, Charleston Probate vol. 38. Page reference '188'→'788' (typescript + corner pencil both read 788). Typewriter convention 'M^rs' (M with superscript rs) clarified for 'Mrs. Maria Ann Mauger'. Filing codes '18-D^S' and 'N 39^O' preserved. Part of the same c. 1969 Perry dossier as p609/p610."
book-002/243,2026-05-12,"Two typewritten certified excerpts on Grace Church (Camden SC) letterhead documenting B.F.D. Perry's ministerial career (1834-1874), plus a pencilled provenance note in the compiler's hand. Rector's name: 'Lawson'→'Harry E. Lawhon, Jr.' (rector 1961-1985, web-verified). Middle name on lower letter reads 'FANNEIL' — typist's misspelling of Faneuil, preserved verbatim (the subject was named for Judge Benjamin Faneuil Dunkin). KEY: pencil annotation fully resolved: 'originals of these records from Grace Church Camden went with Nancy McEwan Green's Colonial Dames Papers to the South Carolina Society — obtained at the church by Mrs. James Pickens Walker Jr.' Page reference '161'→'181'. Aged-at-death '26 days'→'25 days' (lower letter; matches upper)."
book-001/178,2026-05-12,"Court of Common Pleas summons (Barker v. FitzSimons et al., 15 Jul 1890). Defendant 'William J. Barker'→'William I. Barker' (capital I misread as J; matches matching complaint on p172). Otherwise clean: 16 Broad Street Charleston, attorney D. B. Gilliland, 15 July 1890 confirmed."
book-001/408,2026-05-12,"Pan American Bank of Orlando newspaper ad (25 Oct 1977). Photograph misidentified in phase 1: 'bicycle shop'→'sporting-goods store' (tennis racquets, not bicycle wheels). Full address recovered: Main Office 250 N Orange Ave Orlando FL 32801; McCoy Facility at Naval Training Center Annex (former McCoy AFB, active 1968-1995), Orlando FL 32809. Date annotation in blue pen/ink (not pencil). Member FDIC line recovered. This clipping is presumably preserved due to the Walker/McEwan Florida residential thread (Nancy F. McEwan b. Orlando 1946)."
book-001/464,2026-05-12,"Stoney genealogy outline + cover note to Amy (1958 SGS), page 4 of 6. Outline numbering corrected: '3.4.1.3'→'3·6·1·3' (children of Samuel Gaillard Stoney m. Louisa Cheves Smythe per p463 outline 3·6·1, sub-3 and sub-4). MAJOR name corrections: 'Sereno Allen Simons m. Alice Lambert'→'Serena Aiken Simons m. Alec Leonhardt' (Aiken is the maternal grandmother's surname — Albert Simons Sr.'s mother was Serena Daniel Aiken; web-verified Serena Leonhardt as sister of Albert Simons Jr.). 'William Foster Popham / Roald'→'Louisa Cheves Popham m. William Gaston Raoul' (1911-1997, Lookout Mountain TN; married April 1942 Goose Creek Church near Charleston). 'Romaine Newport Popham'→'Roma Newport Popham' (infant). 'William Sherbrooke Popham' spelling verified (RADM, 1892-1977, m. Louisa McCord Stoney 1918). 'Sleat-stone'→'Several' (DNB Appendixes reference). Recovered marginal date 'in 1692' — SGS dating the Stoney family's removal from Yorkshire to Ireland to the immediate post-Boyne / Williamite-settlement period. 'Cowan, Yorkshire'→'Craven, [West Riding of] Yorkshire' (Craven is the historical district containing Kettlewell village)."
book-001/465,2026-05-12,"Stoney/Gaillard/Gourdin/Barker/FitzSimons pedigree chart (1958 SGS), page 5 of 6 — hand-drawn pedigree with pencil annotations. MAJOR corrections: 'Theodore Jenkins'→'Theodore Gourdin' (1764-1826, Charleston merchant who m. Elizabeth Gaillard 1785; portrait by Charles Fraser at Yale University Art Gallery; Gourdin family papers SCHS #1038.00). 'Peter Gaillard wright / of Tea Farm'→'Peter Gaillard of Haydon Hill' (Haydon Hill Plantation). 'Joseph Sanford Porcher'→'Joseph Sanford Barker'. 'Susan Porcher'→'Susan Barker' (the doctor's wife, matching FAMILY-NOTES Barker line). 'Anne Gervais'→'Anne Gervaise' (final e visible). 'Elinor Cordes'→'Ellinor Cordes' (double-l). Spouse of Samuel Gaillard Barker recovered as 'Ellen Milliken' (ink-blot obscured the given name; 'Milliken' was visible). Marginal pencil annotation: 'Henrietta Catherine Barker m. 2nd [Stathie?] Lee' — a previously unknown sister of Samuel Gaillard Barker, named after her mother Henrietta Catherine Gaillard. The given name of the second husband (Stathie/Stathe/Statee/Stithe) remains uncertain; surname Lee is clear."
book-001/613,2026-05-12,"Will of Ann Drayton Perry, page 2 of typescript (1830). Distributes sterling plate, mahogany furniture, named enslaved persons among her grandchildren. Corrections: 'of my Edward D. Perry'→'of my son Edward D. Perry' (word 'son' dropped in phase 1); maid servant 'Anna'→'Auba' (typescript clearly types Auba; phase 1 conflated with grand-daughter Anna's name); Maria Drayton clarified as eldest daughter (not wife) of late Thomas Drayton. 'Survivorsor'→'Survivors or Survivor' (handwritten caret to separate run-on)."
book-001/614,2026-05-12,"Will of Ann Drayton Perry, page 3. Distributes named enslaved persons among grandsons, orders forgiveness of son Edward D. Perry's debts. KEY: grandson 'Charles Perry'→'Charles Carroll Perry' (the middle name 'Carroll' memorializes Edward D. Perry's first wife Rachel Carroll, per FAMILY-NOTES Perry section — a tidy bit of trans-generational naming). Re-classified people list (slave)→(enslaved) tags."
book-001/615,2026-05-12,"Will of Ann Drayton Perry, page 4 of typescript (1830). Bequeaths her Charleston townhouse on Harleston's Green and two Horse Savannah plantations. 'delivered the heirs'→'among the heirs' (first struck-through phrase). 'Savannah, Georgia' removed from places list (the will references 'horse Savannah' — a place name in St. Paul's Parish, S.C., NOT the Georgia city); added 'Harleston's Green, Charleston'."
book-001/616,2026-05-12,"Will of Ann Drayton Perry, page 5 of typescript (1830, paginated 792). Sets out trust provisions for Charleston house and lot conditioned on Edward D. Perry's marriage to Maria Ann Mauger; opens bequest of named enslaved persons. Phase-1's '~~aforementioned~~' replaced with '*[typewriter strikeover]*' — examination at max zoom shows the layered slash-strokes obliterate something like 'be...ensly' but the underlying word cannot be recovered. Re-classified (slave)→(enslaved). Notes corrected: page does NOT begin the bequest of Horse Savannah plantations — that comes on subsequent pages."
book-001/618,2026-05-12,"Will of Ann Drayton Perry, page 7 of typescript (1830, paginated 794). Final substantive page: concludes trust dispositions, frees bequests from creditor claims, appoints Edward D. Perry sole Executor, closes with in-witness clause signed and sealed at Charleston 2 Nov 1830. 0 markers (transcription was already accurate; enhanced pass added context not corrections). Editorial note added linking the will to the larger Perry-Drayton-Mauger sequence and identifying the line of descent through Benjamin Faneuil Dunkin Perry."
book-002/242,2026-05-12,"Grace Church (Camden SC) parish register excerpts (1907 burial of Julia N. Perry; 1874 burial of Rev. B.F.D. Perry), with notarial certification dated 13 Jun 1969. Rector throughout: 'Lawson'→'Harry E. Lawhon, Jr.' (matches enhanced p243 reading). Notary name partially recovered: '[Virginia M. Taylor?]'. Witness 'R. S. Gordon'→'W. B. Gordon'. Julia's age '78'→'73' years. Burial date for B.F.D. Perry: 15 Jan 1874 (death 13 Jan per p243/p610). Officiating clergyman: Rev. John Johnson. Parish register page 428. NOTE: upper letter types rector's initials as 'J. B. D. Perry' rather than B.F.D. — flagged as a probable 1907 typist error (the lower letter, p243, p610, and FAMILY-NOTES all use B.F.D.). Julia's middle initial 'N.' here vs 'Virginia' in p610 family-group-sheet — likely typist misread of 'V.', flagged."
book-001/455,2026-05-12,"SGS 1958 Stoney genealogy, page 1 of 6 (handwritten pedigree, gens 1-3). 'Charlestown'→'South Carolina' as emigration destination; 'came... from Ireland'+'in 1774' (date for John Stoney's emigration). 'Eliza b. Mar. 27, 1784'→'Elizabeth Mary b. Sept. 27, 1784'. 'Harriet Elgin, dau. of Edgar Welsh'→'Harriet Eliza, dau. of Edgar Wells'. Parenthetical 'The Gaillard & Du Pré family record from Tarrer.'→'The Beaufort & Bluffton Stoneys descend from them.' (entirely different sentence). Elizabeth Porcher b. 1789→1784. Peter Gaillard Stoney 1808-1881→1809-1884; marriage 1835→1830. 'Eugene Lydia Stoney m. Herbert A. Watherson'→'Eugenia Lydia Stoney m. Murdoch P. Matheson' (entire husband identity wrong). 'Theodore Stoney m. Rosa dau. Geo. Mills'→'Otis Mills'. 'Peter Gaillard of Hagdon Hill'→'Heydon Hill' (the canonical spelling)."
book-001/462,2026-05-12,"SGS 1958 Stoney genealogy, page 2 (gen-3 expansions, sections 3.1, 3.3, 3.4, 3.6). 'Christopher FitzSimons m. Susan, dau. of Saml. Gaillard of [the] Rocks'→'...dau. of Samuel Gaillard Barker' — MAJOR correction confirming the Barker line for the doctor's wife. 'William Bruner Stoney'→'William Edward Stoney'. 'Henderson Read'→'Mr. Harleston Read' (Annie Stoney's husband; Harleston is a classic Charleston family name). 'Mary Le Conte'→'Mary La Conte'. MAJOR: 'Elizabeth Porcher Stoney m. William R. Postgate'→'William R. Darlington' (Postgate appears nowhere on the manuscript; was a phase-1 hallucination that propagated into FAMILY-NOTES). 'Robert W. Vaux'/'Robert D. Vaux'→'Vary' throughout (SGS cursive's descender confirms 'y'; matches FAMILY-NOTES note that 1958 typescripts use 'Vary'). 'Ann A. Bryan'→'Ann O. Bryan'."
book-001/463,2026-05-12,"SGS 1958 Stoney genealogy, page 3 (Matheson + 3.1.1 FitzSimons). 'Murdoch P. Matthews' and all five Matthews children→'Matheson' (surname systematically wrong in phase 1). 'Leora Miller'→'Leona Miller'. 'Isaac Mervin Bryan'→'Isaac Marion Bryan'. 'Susan Baker'→'Susan Barker' (resolves the Barker line for Dr. Christopher 3rd's wife). 'Frances Hyer'→'Frances Huger' (resolves the FAMILY-NOTES 'Hyer in some sources' ambiguity — SGS writes Huger). MAJOR: 'Samuel Gaillard FitzSimons m. Harriet Berry'→'Minnie Perry' — RESOLVES the open cross-source conflict noted in FAMILY-NOTES: the prior p463 reading of 'Harriet Berry' was indeed a misread, and the correct SGS reading aligns with the p271 family chart's 'Mary Ann Perry' (Minnie being the family nickname). 'William Hayne FitzSimons'→'William Huger FitzSimons'. 'Lavinia Wells Stoney'→'Lucy Mills Stoney' (bearing her mother Rosa Mills's surname). 'William Sherbrooke Popham'→'William Sherbrook Popham'."
book-001/466,2026-05-12,"SGS 1958 Stoney genealogy, page 6 of 6 — short handwritten cover note on lined yellow paper, mostly blank. 'slip away'→'lose themselves' (more grammatical cursive reading). Added 'Affec.' closing immediately before 'June 30/58 SGS' (the line is short but visibly present in scan)."
book-001/617,2026-05-12,"Ann Drayton Perry's 1830 will (typescript copy), page 6 (paginated probate vol. 38, p. 793). Continues bequest from p616, opens bequest of Horse Savannah plantations. Rachael clarified as Anthony Isaac's wife (named in p616) — not a standalone enslaved person; children (Toby, Juliet, Hannah, Daniel, Lewis) are their joint children (typist's punctuation lapse on the children's list; preserved literally with note). 'ormarriage'→'or marriage' (proofreader mark visible). Editorial note added linking p617 back to p616 (page 5) and p618 (page 7), with probate vol. 38 p. 793 pagination context."
